bgd,sekali
q,aku
jdi,jadi
trims,terima kasih
nggak,tidak
berbeda2,berbeda beda
sya,saya
ulang2,ulang ulang
sdh,sudah
tdk,tidak
sy,saya
ratting,rating
fb,facebook
reel,reels
ful,full
vidio,video
gk,tidak
nomer,nomor
ranting,rating
apk,aplikasi
d,di
binta,bintang
ngilang,hilang
notif,notifikasi
gak,tidak
baik2,baik baik
yg,yang
klo,kalau
ad,ada
udh,sudah
gak,tidak
pake,pakai
laaahhkan,lah kan
lama2,lama lama
mengaduha,banding
downliad,download
dobel,double
nggk,tidak
verif,verifikasi
kemaren,kemarin
sampe,sampai
karna,karena
daget,dana kaget
ga,tidak
creator,kreator
ngga,tidak
divd,di video
vt,video tiktok
komen,komentar
skrol,scroll
tetep,tetap
ngisi,isi
dpt,dapat
doble-doble,double double
doble,double
dobel-dobel,double double
konten2,konten konten
knpa,kenapa
knp,kenapa
bngt,sekali
pdhl,padahal
kn,kan
sbg,sebagai
ny,nya
krn,karena
nampil,tampil
smua,semua
tp,tapi
kl,kalau
aps,aplikasi
ngga,tidak
dibales,dibalas
4su,asu
sj,saja
ngikutin,mengikuti
dah,sudah
nyh,nya
smua,semua
tpi,tapi
aj,saja
capt,caption
siyall,sinyal
cuz,karena
fotbar,foto bareng
carane,caranya
music,musik
bermaslah,bermasalah
opload,upload
frofil,profil
fitru,fitur
dongload,download
doangload,download
loggin,login
ss,screenshoot
krm,kirim
stack,stuck
ngebuggg,bug
poaitif,positif
shareing,sharing
aplk,aplikasi
apk,aplikasi
apl,aplikasi
suarae,suaranya
profileku,profil
kuliatas,kualitas
foro,foto
kuci,kunci
intall,install
nitifikasi,notifikasi
wafi,wifi
kumunikasi,komunikasi
ident,identifikasi
dipke,dipakai
sbnrnya,sebenarnya
lma,lama
accnya,akunnya
bntu,bantu
menanbah,menambah
ganbar,gambar
videodan,video dan
sdkitsoalnya,sedikit
dingunakan,digunakan
filtertata,filter
batre,baterai
lihatudah,lihat udah
krang,kurang
lngkapny,lengkapnya
tambahkn,tambah
tamplanny,tampilannya
klr,keluar
apus,hapus
domload,download
penyebannga,penyebabnya
biasanyaini,biasanya
setalah,setelah
berulag,berulang
berbagiserta,berbagi serta
freezetidak,freeze
trimaksih,terima kasih
terimakasii,terima kasih
thx,terima kasih
thanks,terima kasih
kebnyakan,kebanyakan
lagulagu,lagu
lancaf,lancar
fav,favorit
aesthetik,estetik
aesthetic,estetik
bagusin,perbaiki
mnculkan,muncul
arsib,arsip
arsiblah,arsip
smpan,simpan
sngja,sengaja
rncnya,rencananya
arsibkan,arsip
memory,memori
masukin,masukkan
restar,restart
tagmention,tag mention
folow,follow
followersnya,followersnya
lagbahkan,lag
kcwa,kecewa
aktifcba,aktif
fotopadahal,foto
belur,buram
dsana,sana
flw,follow
storypostingan,story
dizoom,zoom
apdate,update
chatan,chat
stak,stuck
viturvitur,fitur fitur
bbrpa,beberapa
unfol,unfollow
busukkk,busuk
suaah,susah
storynya,story
trims,terima kasih
laing,hilang
kutarkan,tukar
trimakasi,terima kasih
pecahtp,pecah
siatem,sistem
halamanya,halamannya
patal,fatal
akunlalu,akun
selau,selalu
inimuncul,muncul
perikasa,periksa
yesterdhyeyyvway,kemarin
yy,saya
seeKetuk,ketuk
menempelnsya,menempelnya
datangvexfggvbgrayya,datang
GBtydi,di
pawpan,papan
apsapun,apapun
nyah,nya
aplod,upload
dn,dan
ngellek,lag
lgi,lagi
maca,macam
lewarmt,lewat
b1,bintang 1
temen,teman
katasandi,kata sandi
napa,kenapa
skrngpun,sekarang pun
skrng,sekarang
poto,foto
bgt,sekali
males,malas
nyariii,cari
dg,dengan
jud1,judi
0nl1ne,online
tsb,tersebut
namu,namun
memnuhi,memenuhi
ngrim,kirim
bggk,tidak
gk,tidak
bosen,bosan
bnyak,banyak
dr,dari
ikaln,iklan
istrim,instream
taludak,tidak
jgn,jangan
direll,di reals
berbula,berbulan bulan
kacou,kacau
nggak,tidak
dasbord,dashboard
udh,sudah
ngubah,ubah
reacr,react
aplikasih,aplikasi
pidio,video
vedeo,video
Postigan,postingan
facebok,facebook
rwkomendadi,rekomendasi
rell,reals
aq,aku
nyelesain,selesaikan
laahhkan,lah kan
downliad,download
lg,lagi
gtu,begitu
kalo,kalau
gada,tidak ada
bet,sekali
abu2,abu abu
konten2,konten konten
lansung,langsung
emg,memang
bener,benar
kelua,keluar
kualias,kualitas
pencet,tekan
dipencet,ditekan
sprti,seperti
malesin,malas
hp,handphone
wong,orang
awal2,awal awal
nerima,menerima
bukak,buka
trus,terus
liat,lihat
biar,agar
klaim2,klaim klaim
kebuka,terbuka
tak,tidak
berjam2,berjam jam
bikin,buat
gamuncul,tidak muncul
ngedit,mengedit
pke,pakai
brnda,beranda
sndri,sendiri
bangett,sekali
ganti2,ganti ganti
pedahal,padahal
keamana,keamanan
jd,jadi
lewatmt,lewat
putus2,putus putus
amat,sekali
tiap,setiap
thn,tahun
video2,video video
aplod2,upload upload
fitur2,fitur fitur
diperbaharui,diperbarui
perbaharui,perbarui
smartphone,handphone
gua,aku
ama,dan
gmna,gimana
bind,ban
monet,monetisasi
dimonet,dimonetisasi
bales,balas
cma,cuma
scrol,scroll
gabisa,tidak bisa
terimakasi,terima kasih
dasbor,dashboard
lu,kamu
stor,serahkan
donk,dong
doang,saja
setatus,status
kmren,kemarin
orang2,orang orang
dongg,dong
buanyak,banyak
dapet,dapat
pol,sekali
illan,iklan
onl1ne,online
dll,dan lain lain
fbpro,facebook pro
untk,untuk
cuman,cuma
nonya,nomornya
udah,sudah
dibua,dibuat
bnggk,tidak
videocall,video call
seneng,senang
sangat2,sangat sangat
tmen,teman
kereen,keren
facbook,facebook
mngembangkan,mengembangkan
komutitas,komunitas
dngan,dengan
bersrlancar,berselancar
smkin,semakin
dr,dari
bussuk,busuk
bussuknya,busuknya
skrg,sekarang
sgt,sangat
abisnya,habisnya
code,kode
jd,jadi
monerisasi,monetisasi
ilang,hilang
lainya,lainnya
paham,faham
supor,support
ngk,tidak
skrg,sekarang
apain,apakan
benerin,perbaiki
diupayakandan,diupayakan dan
debes,the best
keatifan,keaktifan
no,nomor
tau,tahu
ngaktifin,mengaktifkan
facebookpun,facebook pun
apk2,aplikasi aplikasi
tinju,tinjau
dikirm,dikirim
profile,profil
4bln,4 bulan
tuj,tuh
org,orang
bumerang,boomerang
cmn,cuma
lh,lah kan
nyari,mencari
santay,santai
terhidur,tertidur
photo,foto
imformasi,informasi
ngilangi,menghilangkan
sudahl,sudah
gede,besar
kecilin,perkecil
ngasih,memberikan
fhoto,foto
bsk,besok
sjak,sejak
aktiv,aktif
susuah,susah
maen,main
nambah,bertambah
atw,atau
brpkli,berapa kali
ttap,tetap
ngerugiin,merugikan
kepental,terpental
dollar,dolar
ditolakpun,ditolak pun
blum,belum
update2,update update
ahirnya,akhirnya
kenyataanya,kenyataannya
mhon,mohon
mf,maaf
hrs,harus
app,aplikasi
marketplace,market place
instal,install
capek,capai
cape,capai
gx,tidak
gg,tidak
apload,upload
perserujuan,persetujuan
prangkat,perangkat
dasbor,dashboard
kehambat,terhambat
apluod,upload
bener,benar
teruta,terutama
masak,masa
adain,adakan
denger,dengar
knapa,kenapa
teruss,terus
masalah2,masalah masalah
menyalaih,menyalahi
4karna,4 karna
oof,off
ko,kok
muter2,mutar mutar
lecana,lencana
ap,apa
private,privat
jngn,jangan
bls,balas
iklanya,iklannya
jarang2,jarang jarang
nongol,muncul
codenya,kodenya
fro,pro
rekenin,rekening
sejatra,sejahtera
banyak2,banyak banyak
syaran,saran
fitus,fitur
rwkomendadi,rekomendasi
vedenya,videonya
vedeo,video
postigan,postingan
rell,reals
toktok,tiktok
intraksi,interaksi
y,ya
facebookmengedit,facebook mengedit
ngasih,kasih
untk,untuk
pembaruin,pembaruan
nyakut,terhubung
cepet,cepat
scrool,scroll
ngilangin,menghilangkan
tiba2,tiba tiba
msukin,masukkan
msukan,masukkan
msh,masih
dikit,sedikit
gw,saya
abis,habis
elite,elit
tida,tidak
ngebag,bug
orq,orang
krna,karena
g,tidak
berjam2,berjam jam
semngkin,semakin
kereator,kreator
bikin,membuat
pw,password
sprti,seperti
ttp,tetap
pke,pakai
kecewaa,kecewa
sumpahh,sumpah
tlg,tolong
alnya,awalnya
kedua2nya,kedua duanya
trimakasih,terima kasih
ngecek,cek
ytube,youtube
kyak,seperti
skrng,sekarang
bnyk,banyak
macem2,macam macam
utak,otak
fbnya,facebooknya
dibalikin,dikembalikan
system,sistem
mw,mau
systemnya,sistemnya
jelass,jelas
pitur,fitur
efek2,efek efek
fitur2,fitur fitur
ngalamin,mengalami
sbentar,sebentar
td,tadi
skrang,sekarang
dftr,daftar
kdang,kadang
sepeserpun,sepeser pun
ngeluh,mengeluh
ngeleg,lag
vulgat,vulgar
perbaikin,perbaiki
dongo,buruk
wooaah,wah
lansekap,landscape
bertahun2,bertahun tahun
fulgar,vulgar
cape2,capai capai
nonafktifkan,nonaktifkan
biyasa,biasa
ngambil,mengambil
maap,maaf
ngechet,chat
laporin,laporkan
pantes,pantas
bobroknya,buruknya
metta,meta
henphon,handphone
dinonaktifan,dinonaktifkan
org,orang
enggak,tidak
penyimpanam,penyimpanan
berinterksi,berinteraksi
janhan,jangan
tetlalau,terlalu
aikasi,aplikasi
nda,tidak
nampilin,menampilkan
doang,saja
sperti,seperti
ntah,entah
ymail,email
menjijikan,menjijikkan
consistent,konsisten
behari,berhari
aploud,upload
rells,reels
dirells,di reels
jaman,zaman
tks,terima kasih
setatus,status
sellu,selalu
tinggat,tinggal
profesianal,profesional
bs,bisa
muncul2,muncul muncul
ngak,tidak
nyendat,tersendat
sarat,syarat
gimana,bagaimana
org2,orang orang
admintnya,adminnya
mrottal,murottal
ngamanin,mengamankan
banyam,banyak
engga,tidak
begitut,begitu
gatau,tidak tahu
settinganya,settingannya
cari2,cari cari
dibranda,diberanda
reloag,reload
emank,memang
laen,lain
pokokx,pokoknya
tmpilkan,tampilkan
trima,terima
kasi,kasih
mehong,mahal
mkirin,memikirkan
nentukan,menentukan
wa,whatsapp
ngak,tidak
dr,dari
indentitas,identitas
bitang,bintang
nerima,menerima
comen,komentar
trimaksh,terima kasih
pokonya,pokoknya
penyenggara,penyelenggara
adegan2,adegan adegan
senono,senonoh
mendinga,lebih baik
nyari,mencari
ngecek2,cek cek
mudah2,mudah mudah
jelas2,jelas jelas
gua,saya
kk,kak
tampa,tanpa
uda,sudah
layananan,layanan
blom,belum
sangatt,sangat
autentika,autentikasi
galery,galeri
dasargila,dasar gila
jelekk,jelek
soalny,soalnya
sayangny,sayangnya
komplet,komplit
bs,bisa
asyiknya,asiknya
baca2,baca baca
koq,kok
gimanaa,bagaimana
kesel,kesal
pyk,punya
develop,developer
n,dan
berfikir,berpikir
ngaruhnya,berpengaruhnya
kliatan,kelihatan
seeketuk,ketuk
pa,pas
logiin,login
dikit2,sedikit sedikit
vitur,fitur
gerk,gerak
kesaya,ke saya
bangett,sekali
ngeribetin,mempersulit
emg,memang
napee,kenapa
kira2,kira kira
kaga,tidak
ori,original
putus2,putus putus
pinjol,pinjaman online
blok,blokir
autintakasi,autentikasi
pulaa,pula
fbk,facebook
berkali2,berkali kali
sllu,selalu
2hari,2 hari
autentifikasi,autentikasi
berjuta2,berjuta juta
gapernah,tidak pernah
mlu,terus
mulu,terus
fesbuk,facebook
ngabisin,menghabiskan
dev,developer
ak,saya
dianggurin,diabaikan
byk,banyak
gunain,gunakan
hbis,habis
bru,baru
msih,masih
adaa,ada
sndi,sandi
pnya,punya
semuaa,semua
kli,kali
akuu,saya
tidaj,tidak
liat,lihat
lo,anda
ig,instagram
nyimpan,menyimpan
draf,draft
nyesel,menyesal
diganti2,diganti ganti
macam2,macam macam
temen2,teman teman
ngerasain,meresakan
muter,mutar
fitu,fitur
dm,direct messege
gt,begitu
gmn,bagaimana
uninstal,uninstall
juka,juga
pwsan,pesan
bagis,bagus
copas,copy paste
seting,setting
kesua,kedua
burem,buram
tlg,tolong
dr,dari
sm,sama
tlong,tolong
gni,begini
gini,begini
make,memakai
24jam,24 jam
24jm,24 jam
ngeblur,buram
blur,buram
plss,tolong
nyoba,mencoba
dihp,di handphone
gamau,tidak mau
nyatu,menyatu
sdkit,sedikit
sebelum2nya,sebelum sebelumnya
ataw,atau
kepotong,terpotong
fitu2nya,fitur fiturnya
arsip2nya,arsip arsipnya
memuaskann,memuaskan
priv,privat
jelass,jelas
lanjutin,melanjutkan
tdi,tadi
td,tadi
tanggapin,tanggapi
loading2,loading loading
manjangin,memperpanjang
nyusahin,menyusahkan
effect,efek
ngerugiin,merugikan
nambahin,menambahkan
bgtt,sekali
anehh,aneh
lagii,lagi
vid,video
tinggi2,tinggi tinggi
gitu,begitu
ilang,hilang
betulin,perbaiki
pliss,tolong
kdang,kadang
ngeliat,melihat
apknya,aplikasinya
sma,sama
bsa,bisa
berjln,berjalan
kitany,kitanya
lbih,lebih
hpny,handphonenya
supya,supaya
aplikasiny,aplikasinya
maks,maksimal
ato,atau
brp,berapa
gajelas,tidak jelas
gaada,tidak ada
kecewaa,kecewa
ilangin,hilangkan
ilang,hilang
ky,seperti
apa2,apa apa
jga,juga
plis,tolong
kesell,kesal
uplod,upload
knpaa,kenapa
tb,tiba tiba
tambahin,tambahkan
expresi,ekspresi
ngatasinnya,mengatasinya
ngajuin,mengajukan
emng,memang
pindahin,pindahkan
balikin,kembalikan
dipake,dipakai
ginian,begini
bending,banding
7hari,7 hari
ngak,tidak
kedobel,ter double
perbaikin,perbaiki
gasuka,tidak suka
kayak,seperti
tren,trend
trends,trend
scroll2,scroll scroll
judol,judi online
signal,sinyal
benar2,benar benar
nyebelin,menyebalkan
dgn,dengan
gatau,tidak tahu
nyarinya,carinya
apknya,aplikasinya
dlu,dulu
kgk,tidak
ajh,saja
hrus,harus
skrang,sekarang
matiin,matikan
gua,saya
tiktod,tiktok
smntra,sementara
nga,tidak
sprti,seperti
mksd,maksud
dlu,dulu
mnghilang,menghilang
sklii,sekali
mngbalikan,mengembalikan
ane,aneh
ngedit,mengedit
chat2,chat chat
ngk,tidak
kenak,kena
cepet2,cepat cepat
folow2,follow follow
pw,password
padahak,padahal
pertma,pertama
sdngkan,sedangkan
soalny,soalnya
slalu,selalu
baguss,bagus
lagii,lagi
kya,seperti
smuanya,semuanya
belumm,belum
gada,tidak ada
ilangg,hilang
balikinn,kembalikan
nyimpen,menyimpan
udahh,sudah
ngasih,kasih
rubah,ubah
bkin,buat
setory,story
jelk,jelek
nglag,lag
gunaa,guna
ksih,kasih
samapi,sampai
ngelakuin,melakukan
insta,instagram
ngintip,mengintip
lanskap,landscape
bug2nya,bug bugnya
igs,instagram story
ig,instagram
igtv,instagram tv
sn,sana
photo,foto
sg,story instagram
virifikasi,verifikasi
ajubanding,aju banding
bug2,bug bug
felxing,flexing
prjuangan,perjuangan
sia2,sia sia
apload,upload
samsek,sama sekali
pengen,ingin
sukaa,suka
bolehh,boleh
sihh,sih
sii,sih
bge,nge
apli,aplikasi
ver,verifikasi
vitur,fitur
ngefrezee,freeze
sempet,sempat
ttep,tetap
jadiin,jadikan
nggaa,tidak
gtw,tidak tahu
taro,taruh
kesimpen,tersimpan
paswort,password
fc,force close
gubriss,gubris
ngumpulin,mengumpulkan
fto,foto
orangg,orang
ngerepotin,merepotkan
internetny,internetnya
sgt,sangat
gada,tidak ada
verivikasi,verifikasi
sangatt,sangat
kpda,kepada
foto2,foto foto
7hari,7 hari
bgni,begini
krna,karena
orang2,orang orang
lancar2,lancar lancar
bnr,benar
kadang2,kadang kadang
mreka,mereka
sialann,sialan
mw,mau
klw,kalau
ngechatan,chatan
pgen,ingin
blom,belum
ngikut,ikut
bosenin,membosankan
streaks,streak
balikan,kembalikan
diperbaikin,diperbaiki
bisa2,bisa bisa
tiba2,tiba tiba
ngeloading,loading
pegat,pegal
kyk,seperti
kek,seperti
knapa,kenapa
scr,secara
diilang,dihilang
bbrp,beberapa
akutuu,aku
sedihh,sedih
plis,tolong
pesa,pesan
menu2hin,memenuhi
or,atau
gallery,galeri
hbis,habis
ngapusin,menghapus
bertahun2,bertahun tahun
vdio,video
tlong,tolong
nglporin,melaporkan
brkali2,berkali kali
bgus2,bagus bagus
gliran,giliran
lncar2,lancar lancar
aplg,apalagi
gtu,begitu
pecah2,pecah pecah
dahal,padahal
pke,pakai
apk2,aplikasi aplikasi
dgn,dengan
dibanet,diblokir
ngapa2in,melakukan apa apa
kog,kok
crta,cerita
ngk,tidak
pdahal,padahal
ngerekam,merekam
account,akun
jelas2,jelas jelas
ngezoom,terzoom
2minggu,2 minggu
vertifikasi,verifikasi
ngabis,habiskan
perbaikii,perbaiki
tolongg,tolong
smpt,sempat
please,tolong
kedip2,kedip kedip
kesel,kesal
pls,tolong
inieh,ini
kawandeu,kawan
sngt,sangat
ngeleg,lag
belm,belum
syaa,saya
taunya,ternyata
oerbaiki,perbaiki
ngebung,bug
kya,seperti
fiture,fitur
akunke2,akun ke 2
aman2,aman aman
30hari,30 hari
truss,terus
ngapangapain,melakukan apa apa
doang,saja
dipilih2,dipilih pilih
bnyk,banyak
gakk,tidak
apdet,update
kalii,kali
thn,tahun
gajelass,tidak jelas
emang,memang
kenapa2,kenapa napa
nyebar,menyebar
gaakan,tidak akan
mn,mana
doangg,saja
kaga,tidak
benerin,perbaiki
berkali2,berkali kali
tt,tiktok
ak,saya
aq,saya
nampung,menampung
dihpku,di handphoneku
make,pakai
ae,saja
pencet,tekan
kepencet,ketekan
dipencet,ditekan
terpencet,tertekan
effect,efek
dikurangin,dikurangkan
ngoten,berkonten
iki,ini
bgtt,sekali
oky,oke
ajj,saja
kenapasih,kenapa sih
duakali,dua kali
menginstal,install
ttl,tiktok
nunggu,menunggu
seringg,sering
ngilangin,menghilangkan
diinstal,diinstall
instal,install
tambahin,tambahkan
tekeluar,terkeluar
mohonn,mohon
ngebugg,bug
teruss,terus
tergganggu,terganggu
ngebag,bug
dngan,dengan
donk,dong
titoknya,tiktoknya
dapet,dapat
ditanggepin,ditanggapi
bermediasosoal,bermedia sosial
hdah,sudah
ampe,sampai
ksh,kasih
says,saya
kasi,kasih
gt,begitu
hps,hapus
hbs,habis
ulangg,ulang
masak iya,masa iya
keaplikasi,ke aplikasi
ni,ini
nglihatin,melihat
tt,tiktok
educatif,edukatif
mendapatan,mendapatkan
sgt,sangat
bgtt,sekali
smg,semoga
lbh,lebih
unistal,uninstall
itupun,itu pun
hmpr,hampir
orng,orang
bukak,buka
kalok,kalau
seyou,see you
scrol,scroll
kedlm,ke dalam
jd,jadi
lg,lagi
kdg,kadang
tb2,tiba tiba
bangeett,sekali
baguss,bagus
berulangkali,berulang kali
ulangg,ulang
tolo,tolong
hapeku,handphoneku
bt,bete
ngestuk,stuck
ngalamin,mengalami
mlh,justru
donwload,download
ngeblur,buram
akunanda,akun anda
bay,bye
ttep,tetap
nyesel,menyesal
flim,film
cansel,cancel
sendri,sendiri
ngabisin,menghabiskan
ngesetak,stuck
lain2,lain lain
kenceng,kencang
stelah,setelah
krna,karena
enteng2,gampang gampang
sekarang2,sekarang sekarang
bulan2,bulan bulan
kya,seperti
macem,macam
hpku,handphoneku
pulihin,pulihkan
vide,video
ngulang,mengulang
mohondiperbaiki,mohon diperbaiki
bener2,benar benar
ngeperbaikin,memperbaiki
leha2,leha leha
nyimpan,menyimpan
menjijikan,menjijikkan
ama,sama
tlng,tolong
ngk,tidak
downluod,download
pilkas,pilih kasih
buruan,ayo cepat
dipermuda,dipermudah
leg,lag
t44i,tahi
tai,tahi
taiii,tahi
affiliatet,affiliate
bugg,bug
maen,main
dibenerin,diperbaiki
nyetuck,stuck
pliss,tolong
msih,masih
applikasi,aplikasi
bisaa,bisa
lokout,logout
lambannya,lemotnya
rame,ramai
tros,terus
aplnya,aplikasinya
tntg,tentang
tingkatin,tingkatkan
kurangg,kurang
masukk,masuk
ntar,nanti
data2,data data
apalh,apalah
jangn,jangan
asline,aslinya
e,nya
suda,sudah
ngenginstal,menginstall
hrus,harus
gnti,ganti
emosii,emosi
parahh,parah
biaa,bisa
porce,force
atay,atau
perce,force
gara2,gara gara
dikit2,sedikit sedikit
berenti,berhenti
telfon,telepon
ngapus,menghapus
dowload,download
nambah,bertambah
ngeselin,menyebalkan
nyampai,sampai
abis,habis
cpt,cepat
klw,kalau
kaloi,kali
tulung,tolong
plislah,tolonglah
cuman,cuma
kuu,ku
donlod,download
syaa,saya
keyengg,keren
ngirim,mengirim
mlh,justru
tik tok,tiktok
in stream,instream
kadan,kadang
teken,tekan
lemott,lemot
ngelihat,melihat
gada,tidak ada
tokped,tokopedia
goggle,google
kalii,kali
gapake,tidak pakai
bgus,bagus
haris,harus
matiin,matikan
upgrad,upgrade
lewatin,lewati
aplokasinya,aplikasinya
biperbaiki,diperbaiki
leg,lag
ngepris,freeze
pdhal,padahal
ngasih,kasih
bilangin,katakan
chatdengan,chat dengan
tolongg,tolong
keluar2,keluar keluar
sering2,sering sering
seringg,sering
lelet,lamban
dak,tidak
lemmot,lemot
jugak,juga
imel,email
pitur,fitur
cewe,cewek
engga,tidak
mencet,menekan
pliss,tolong
gua,saya
vanyak,banyak
di perbaiki,diperbaiki
motivasi2,motivasi motivasi
konten2,konten konten
anak2,anak anak
bener,benar
generasi2,generasi generasi
bertahun2,bertahun tahun
dr,dari
thun,tahun
bru,baru
di buka,dibuka
sudh,sudah
ulg,ulang
ttp,tetap
bsa,bisa
gitusih,begitu sih
ceket,macet
makin,semakin
afiliate,affiliate
ap,aplikasi
kokk,kok
kayak,seperti
blm,belum
duluu,dulu
banyk,banyak
lbih,lebih
tiktokk,tiktok
puass,puas
tb,tiba
un install,uninstall
hape,handphone
kdang,kadang
nge lag,lag
nge hang,hang
chetan,chatan
ma,sama
tmn,teman
sebell,kesal
banget,sekali
pokonya,pokoknya
blok,blokir
mentingin,mementingkan
duitt,uang
setia,setiap
pkoknya,pokoknya
aku saya,saya
kesel,kesal
sepertj,seperti
sangan,sangat
dikluarin,dikeluarkan
ngeleg,lag
sisitem,sistem
cobain,coba
uninstal,uninstall
aplikasi nya,aplikasinya
di perbaruhi,diperbarui
perbaruhi,perbarui
hank,hang
tlong,tolong
kalo,kalau
sja,saja
bsa,bisa
gmna,gimana
kash,kasih
ngeluh,mengeluh
betekk,bete
enggaa,tidak
baget,sekali
mengaplod,mengupload
membosangkan,membosankan
bukak,buka
makin,semakin
kektika,ketika
me restart,merestart
menggangu,mengganggu
sebel,kesal
blm,belum
ngumpulin,mengumpulkan
nyeleneh2,nyeleneh
ribet,rumit
diem,diam
maaff,maaf
mulu,melulu
lagii,lagi
yaa,ya
bintag,bintang
baguuss,bagus
apilkasih,aplikasi
kenpa,kenapa
akhir2,akhir akhir
pasty,pasti
yah,ya
logi,login
tipa,tips
perna,pernah
dluar,di luar
lngsung,langsung
massage,message
bgaruh,berpengaruh
batu,baru
chace,cache
sebelum2,sebelum sebelum
gara2,gara gara
maksa,memaksa
nerhenti,berhenti
ditrima,diterima
ntah,entah
markotok,markotop
awet,bertahan lama
bemerin,benerin
dtmbh,ditambah
bwt,buat
memonya,memorinya
dngan,dengan
sndri,sendiri
kluar,keluar
2gb,2 gb
balikin,kembalikan
gamau,tidak mau
diuapdate,diupdate
pembaruanya,pembaruannya
hpnya,handphonenya
androind,android
ujung2nyabuat,ujung ujungnya buat
asik2,asik asik
bukak,buka
yng,yang
sblm,sebelum
tbtb,tiba tiba
kalp,kalau
lemyapkan,lenyapkan
sna,sana
freez,freeze
unstal,uninstall
trues,terus
instal,install
lgklau,kalau
ndak,tidak
bgtc,banget
cepat2,cepat cepat
dipake,dipakai
aforit,favorit
dari pada,daripada
makasih,terima kasih
ntar,nanti
gausah,tidak perlu
blm,belum
di band,diblokir
nii,ini
tlng,tolong
plss,tolong
apdet,update
nyo,nya
uinstal,uninstall
parraah,parah
abiss,habis
sakitt,sakit
pemake,pemakai
pleasee,please
jelekk,jelek
gabisaa,tidak bisa
masak,masa
koreksii,koreksi
lu,kamu
upadate,update
ngerugiin,merugikan
moment,momen
doank,doang
mshl,masalah
lm,lama
di omongi,dikasih tahu
slh,salah
bgs,bagus
mslh,masalah
cpk,capai
keluarin,keluarkan
frame,freeze
ngeframe,freeze
kebuka,terbuka
gedek,gereget
mak gua,ibu saya
chache,cache
lali,lalu
simpen,simpan
tida,tidak
lagih,lagi
sayah,saya
produserrnyaa,produsernya
milih2,pilih pilih
muantap,mantap
puool,sekali
ngembangin,mengembangkan
komentar2,komentar komentar
tulisan2,tulisan tulisan
dteng,datang
pesenan,pesanan
dateng,datang
claim,klaim
30rb,30 ribu
nyoba,mencoba
sialann,sialan
merest,merestart
telefon,telepon
bayak,banyak
surunya,serunya
sakali,sekali
mengaplot,mengunggah
bnyk,banyak
tuh,itu
trutama,terutama
sndiri,sendiri
content,konten
shadow banned,shadowban
mengahapus,menghapus
pastu,pasti
ngeleag,lag
slowmoin,slow motion
ngabisin,menghabiskan
paketan,paket data
gabisaa,tidak bisa
cek out,checkout
asik2nya,asik asiknya
tinggalin,tinggalkan
nunggunya,menunggunya
kmp,kenapa
akun2,akun akun
slalu,selalu
memo,memori
klick,klik
app,aplikasi
mala,justru
menganggu,mengganggu
jagan,jangan
ngeleg,lag
3bulan,3 bulan
mmalah,justru
serimg,sering
18thn,18 tahun
benas,benar
kmren,kemarin
gilak,gila
brang,barang
byar,bayar
dri,dari
gabisaa,tidak bisa
jdinya,jadinya
ngerusak,merusak
ngulang2,mengulang ulang
perbaikanny,perbaikannya
perfoma,performa
ngelagacet,lag macet
masalh,masalah
tktk,tiktok
toling,tolong
padahall,padahal
boncos,boros
diperbaikin,diperbaiki
yya,ya
nge bleng,blank
dibiarin,dibiarkan
blanja,belanja
klok,kalau
smw,semua
hntuk,untuk
se baguss,sebagus
notification,notifikasi
syg,sayang
metta,meta
met,meta
menunggy,menunggu
ngambil,mengambil
gitu2,seperti itu
bae,saja
dipijit,ditekan
keti,ketika
sw,story whatsapp
apkikasi,aplikasi
mengabil,mengambil
teman2,teman teman
by,oleh
text,teks
jls,jelas
sekrng,sekarang
icon,ikon
vn,voice note
spt,seperti
searc,search
fto,foto
w a,whatsapp
wi fi,wifi
inggin,ingin
ortu,orang tua
hhe,hehe
tmen,teman
lgii,lagi
loding,loading
perbaikin,perbaiki
kekirim,terkirim
sh,sih
ngebak,bug
kembakang,kembangkan
ush,perlu
ngirim,mengirim
vidiopun,video pun
smngat,semangat
minesnya,minusnya
tunggu2,tunggu tunggu
mlh,justru
baru2,baru baru
disono,disana
nyalain,menyalakan
4detik,4 detik
al,ai
hsilnya,hasilnya
updtae,update
memgambil,mengambil
dtk,detik
luama,lama
stiap,setiap
beberpa,beberapa
scrol,scroll
scren,screen
titiba,tiba tiba
ngefrezze,freeze
muncull,muncul
seemuaa,semua
groupping,mengelompokkan
spek,spesifikasi
bnyk,banyak
pihap,pihak
dlu,dulu
ngeganggu,mengganggu
bbrapa,beberapa
dibiarin,dibiarkan
soundtreknya,soundtracknya
sebel,kesal
ancur,hancur
buryk,buruk
sadd,sedih
krg,kurang
msh,masih
socmed,media sosial
sosmed,media sosial
medsos,media sosial
akalin,akali
lebih2,lebih lebih
blur,buram
gpp,tidak apa apa
ngadi,ngada
upgred,upgrade
gagal2,gagal gagal
annoying,mengganggu
bukann,bukan
kirfot,kirim foto
disv,disimpan
ke sv,kesimpan
sv,simpan
notifnya,notifikasinya
telfon,telepon
ngejam,macet
tlpn,telepon
setingan,settingan
fiture,fitur
melu melu,ikut ikutan
send,kirim
kenqpa,kenapa
hapusin,hapus
tgl,tanggal
bikim,buat
saye,saya
diwa,di whatsapp
merima,menerima
bgmn,bagaimana
tlng,tolong
dongg,dong
denga,dengan
galery,galeri
item,hitam
ngevdin,video call nya
vdnya,videonya
gausa,tidak perlu
tdak,tidak
amburadul,berantakan
merat,merata
kepotong,terpotong
di akuratin,diakuratkan
wanya,whatsappnya
orangkirim,orang kirim
mslh,masalah
apalgi,apalagi
lebihh,lebih
sempet,sempat
nyoba,mencoba
apa2,apa apa
kebangetan,berlebihan
kestabilanya,kestabilannya
whatshap,whatsapp
menjengkelka,menjengkelkan
lemoott,lemot
galery,galeri
lodingnya,loadingnya
aga,sedikit
agak,sedikit
maw,mau
what shap,whatsapp
gmana,gimana
dsitu,di situ
ornglain,orang lain
untik,untuk
bussiness,business
begroun,background
tabah,tambah
loding,loading
bngtt,sekali
gimn,gimana
diapa in,diapa apain
woii,woi
susaahh,susah
ajaa,aja
on,aktif
lamaa,lama
sma,sama
omset,omzet
lgsg,langsung
tgl,tanggal
bener2,benar benar
wa nya,whatsappnya
yangs,yang
datengnya,datangnya
nukis,menulis
ajarin,ajarkan
daripaada,daripada
aploud,upload
pol,sekali
tlg,tolong
ngapa ngapain,melakukan apa apa
apdet,update
setlah,setelah
kekirimnyah,terkirimnya
ituh,itu
gedhe,besar
ngerjain,mengerjakan
banyaj,banyak
busa,bisa
adain,adakan
gausah,tidak perlu
b5,bintang 5
jangn,jangan
syaa,saya
bnget,sekali
mengechat,chat
ngebug,bug
ngefreeze,freeze
nge bug,bug
nge freeze,freeze
keluar2,keluar keluar
gatau,tidak tahu
sebenernya,sebenarnya
ituloh,itu
nge chat,chat
tmbh,tambah
tambahin,tambahkan
busines,business
satu2,satu satu
save,simpan
burukk,buruk
sumpahh,sumpah
share lok,shareloc
lok,loc
ngehang,hang
nge off,off
bgitu,begitu
sperti,seperti
jelak,jelek
sejek2nya,sejelek jeleknya
leletnya,lambannya
mantul,mantap
poss,post
keganti,terganti
trputus,terputus
sll,selalu
itamm,hitam
gag,tidak
bugbug,bug bug
nambahin,tambahkan
load,loading
kurangin,kurangkan
lgsg,langsung
stag,stuck
gambarx,gambarnya
x,nya
ngelag,lag
rada,sedikit
ngevideo,video
apalahi,apalagi
dev,developer
nampilin,menampilkan
wkt,waktu
kakau,kalau
nyq,nya
kembali2,kembali kembali
ngheng,hang
munculin,munculkan
blom,belum
keacak,teracak
diilangin,dihilangkan
panggial,panggilan
urgent2,urgent urgent
betoll,betul
bisa2,bisa bisa
errod,eror
berbeda2,berbeda beda
sya,saya
ulang2,ulang ulang
2minggu,2 minggu
malah,justru
ajah,saja
spec,spesifikasi
ko,kok
screenshoot,screenshot
ribett,ribet
pp,foto profil
keamaan,keamanan
meng screenshot,mengambil screenshot
terimagaji,terima kasih
kekirim,terkirim
kesell,kesal
fto,foto
cumaa,cuma
kenapaa,kenapa
sihh,sih
moto,memotret
ngbleng,blank
sending nya,pengirimannya
puoll,sekali
camera,kamera
selanjut,selanjutnya
tlfn,telepon
gda,tidak ada
di stel,diatur
chet,chat
tdi,tadi
chetku,chatku
pertanyaanya,pertanyaannya
ditungguin,ditunggu
muncul2,muncul muncul
gimanaa,bagaimana
mindahin,memindahkan
no,nomor
agu,atau
boss ku,bosku
donload,unduh
sja,saja
dikasi,diberi
lola,lambat
ampilan,tampilan
dibuatin,dibuatkan
di tlpon,ditelepon
memangil,memanggil
ceklis,centang
lwt,lewat
stori,story
whsapp,whatsapp
trbaru,terbaru
jrang,jarang
pdhal,padahal
berjam2,berjam jam
story2,story story
sliat,lihat
fituf,fitur
lemoot,lemot
poll,sekali
1menit,1 menit
shg,sehingga
issue2,isu isu
di betulin,dibetulkan
terganggung,terganggu
pada ngapain,sedang apa
team,tim
ngecrack,crack
ngecrash,crash
aktf,aktif
betulin,benarkan
mengangguu,mengganggu
bintng,bintang
utk,untuk
mangkin,semakin
kirm,kirim
lamaa,lama
loss,blank
nomernya,nomornya
keriset,tereset
guna in,gunakan
kaya,seperti
2x,dua kali
5gb,5 gb
wa an nya,whatsappan nya
nantikan,menantikan
upgdate,update
ke update,terupdate
samaan,bersamaan
aktifin,aktifkan
updet,update
seneng,senang
akuu,aku
masuk2,masuk masuk
ng hang,hang
tollong,tolong
ngepres,freeze
leg,lag
kluar,keluar
bru,baru
des,desember
smakin,semakin
bkin,bikin
pdahal,padahal
kmren2,kemarin kemarin
sblum,sebelum
lancar2,lancar lancar
tlong,tolong
trmksih,terima kasih
suport,support
available,tersedia
temen2,teman teman
segara,segera
pict,foto
walpaper,wallpaper
chtny,chatnya
bsa,bisa
emojiny,emojinya
grak,gerak
gituu,begitu
skalian,sekalian
kta,kita
maf,maaf
yk,ya
ngelunjak,melunjak
dkit,sedikit
berhati2,berhati hati
dh,sudah
da,ada
spreedsheet,speadsheet
nelfon,telepon
telfonnya,teleponnya
nich,ini
gbr,gambar
berbelit2,berbelit belit
alat2,alat alat
sangat2,sangat sangat
langkah2nya,langkah langkahnya
langkah2,langkah langkah
kog,kok
stori,story
hitamm,hitam
sekalii,sekali
syang,sayang
bangeett,sekali
nyesel,menyesal
jadul,zaman dulu
smsung,samsung
why,kenapa
mesti,harus
mestinya,harusnya
akhir2,akhir akhir
telponan,teleponan
gda,tidak ada
4x,4 kali
sangt,sangat
ringinkan,ringankan
thu,tahu
km,kamu
orang2,orang orang
beberpa,beberapa
maximal,maksimal
compress,kompres
bgtt,sekali
vidionya,videonya
ngatur2,mengatur
pngguna,pengguna
baca2,baca baca
gag,tidak
stts,status
yaq,ya
low,rendah
quality,kualitas
scre,screen
ngeblur,buram
blur,buram
ngescroll,scroll
chetnya,chatnya
kehapus,terhapus
chet,chat
privasiin,privasikan
ngechat,chat
beground,background
seharusnta,seharusnya
contact,kontak
itu2,itu itu
secepatnyaa,secepatnya
tapii,tapi
rc,roomchat
aplgi,apalagi
mnrtku,menurutku
hilang in,hilangkan
cht,chat
buble,bubble
verivikasi,verifikasi
blurr,buram
storynyaa,storynya
acak2an,acak acakan
gaenak,tidak enak
nge prank,prank
ngeloading,loading
skr,sekarang
mengirip,mengirim
ngeles,beralasan
subtitel,subtitle
skian,sekian
trimagaji,terima kasih
kerik,kritik
semiga,semoga
pstingan,postingan
geleg,lag
moga,semoga
fiks,fix
yt,youtube
nyaamin,makin
ternganngu,terganggu
menontin,menonton
ngeganggu,mengganggu
lang,langsung
nonton,menonton
lewatin,melewati
seneng,senang
rusak2,rusak rusak
dinaikin,dinaikkan
kayak,seperti
kotak2,kotak kotak
kadang2,kadang kadang
milih,memilih
potrait,potret
ngen download,download
meng ganggu,mengganggu
esmosi,emosi
puter,putar
2x,dua kali
samasekali,sama sekali
di iklanin,diiklankan
iklanin,iklankan
prev,previous
ulasany,ulasannya
misah,terpisah
loadingny,loadingnya
ngescroll,scroll
ngulang,mengulang
penghenat,penghemat
tambahin,tambahkan
resolution,resolusi
shot,shorts
milih,memilih
sercing,searching
bukak,buka
ke eroran,eror
vedio,video
di baiki,diperbaiki
mengscroll,scroll
di fiks,diperbaiki
minimaze,minimize
mengeklik,mengklik
komennya,komentarnya
a,nya
kepause,terhenti
puter,putar
taunya,tahunya
lebiv,lebih
akhir2,akhir akhir
seneng,senang
konvirmasi,konfirmasi
pnct,tekan
dimasukin,dimasukkan
ngebuat,membuat
komplen,komplain
nge freeze,freeze
nge bug,ngebug
ngeglitch,glitch
bangat,sekali
di apa in,diapakan
nge crash,crash
appnya,aplikasinya
semenah menah,semena mena
sajah,saja
nekan,menekan
ngetik,mengetik
disclose,diclose
jedak jeduk,jedag jedug
ke geser,tergeser
menggangu,mengganggu
memute,mute
programer,programmer
ngerekam,merekam
kyak,seperti
kacauu,kacau
balikin,kembalikan
simpaan,simpan
meengecewakan,mengecewakan
cman,cuma
vertical,vertikal
dengar,mendengar
aplikasi2,aplikasi aplikasi
gerakin,gerakkan
mengebang,mengambang
gamood,tidak mood
dibenerin,diperbaiki
matiin,matikan
nge play,terplay
truss,terus
perhatiin,perhatikan
memfix,memperbaiki
menganggu,mengganggu
experiennce,pengalaman
jelas2,jelas jelas
memencet,menekan
cepetin,mempercepat
lain2,lain lain
ngerasain,merasakan
ngeselin,menyebalkan
mubgkin,mungkin
nemu,ketemu
ngambang,mengambang
keganti,terganti
swab,swipe
menyesuaikannpemakaian,menyesuaikan pemakaian
perbaikin,perbaiki
jengkelin,menjengkelkan
tertapi,tetapi
sprti,seperti
dlu,dulu
msh,masih
dr,dari
stlh,setelah
jka,jika
akn,akan
sma,sama
tnpa,tanpa
dri,dari
1x,satu kali
telusurui,telusuri
te geser,tergeser
menyedut,menyudut
di fix,diperbaiki
di bepan,di depan
bnyak,banyak
kekurangany,kekurangannya
pitcure,picture
koment,komentar
ke detect,terdeteksi
textnya,teksnya
lanscape,landscape
kalok,kalau
pilihaan,pilihan
suda,sudah
prem,premium
lngsung,langsung
keplay,terplay
seblah,sebelah
di liatin,di lihat
mengklick,mengklik
kebanyakn,kebanyakan
tambahksn,tambahkan
sukaenggunakan,suka menggunakan
lanskap,landscape
segment,segmen
bnyk,banyak
tmbh,tambah
mlh,malah
vidionya,videonya
keganggu,terganggu
ngatur,mengatur
serem,seram
nyebelin,menyebalkan
ngerti,mengerti
clik,klik
ni,ini
ngasi,kasih
pouse,pause
ampe,sampai
terpouse,terhenti
perbagiki,perbaiki
keputer,terputar
pakyer,player
ngutamain,mengutamakan
mutwr,memutar
kudu,harus
milih,memilih
ttg,tentang
kecilin,perkecil
dinyalain,dinyalakan
ngi,memberi
deplover,developer
refres,refresh
disediain,disediakan
kacaw,kacau
nyusahin,menyusahkan
horisontal,horizontal
videonys,videonya
video2,video video
yutub,youtube
ngefreeze2,freeze
ketutupan,tertutup
menunjukan,menunjukkan
kebuka,terbuka
baget,banget
nyebelin,menyebalkan
nge glitch,glitch
apalahh,apalah
menyettingnya,mengaturnya
kemuakan,muak
pinter,pintar
ngefresh,freeze
ngeskip,terskip
liatin,melihat
traffik,traffic
nak,mau
konter,konten
gilaa,gila
dtik,detik
sampahh,sampah
youtoube,youtube
usa,usah
tiba2,tiba tiba
cuii,cui
kafi,kafir
nge swipe,swipe
tulisanya,tulisannya
lainya,lainnya
vidionya,videonya
lohh,loh
pantesan,pantasan
komenan,komentar
di maklumin,dimaklumi
menaikan,menaikkan
nextprev,next previous
freez,freeze
aneh2,aneh aneh
ngalamin,mengalami
dua2,dua dua
nempel,menempel
mentingin,mementingkan
komenya,komentarnya
pertahanin,pertahankan
apdet,update
suah,susah
i formasi,informasi
mikirin,memikirkan
effects,efek
mengpause,menghentikan
kejiplak,tersalin
et,sekali
tk,saya
kembaliin,kembalikan
freze,freeze
dwnld,download
pernah2,pernah pernah
terus2sn,terus terusan
ngestuck,stuck
kompetibel,kompatibel
haru,harus
cukip,cukup
dijadiin,dijadikan
dibwah,di bawah
ngerepotin,merepotkan
yari,mencari
fiks,perbaiki
sehabis,setelah
mempause,menghentikan
ngklik,klik
betek,bete
ndak,tidak
nampilin,menampilkan
kesentuh,tersentuh
keswipe,terswipe
nyaingin,menyaingi
nanyi,nanti
bung,bug
ato,atau
diulangin,diulangi
ngeupdate,update
lansung,langsung
lanjutin,lanjutkan
3video,3 video
jalanin,jalankan
banuak,banyak
ngeloncatin,skip
tt,tiktok
200ribu,200 ribu
udio,audio
herann,heran
plislah,tolonglah
lihatpop,lihat pop
ngepause,terhenti
dimerengkan,dimiringkan
kdg,kadang
downloadta,downloadnya
dengarin,dengarkan
mebuat,membuat
fadahal,padahal
ngutamin,mengutamakan
tambahin,tambahkan
oelah,oke
5star,5 bintang
karu2an,karuan
dioerbaiki,diperbaiki
ygbiasanya,yang biasanya
susaahh,susah
fixing,memperbaiki
terjedah,terjeda
setelag,setelah
aplot,upload
kenbali,kembali
yakalai,ya kali
30detik,30 detik
nyampe,sampai
1menit,1 menit
yakali,ya kali
tersendat2,tersendat sendat
rells,reals
nge close,menutup
nge pause,menjeda
kenceng,kencang
tombol2nya,tombol tombolnya
ke geser geser,tergeser geser
mem pause,menghentikan
2jam,2 jam
kereset,terreset
dowload,download
kelamaan,terlalu lama
pakek,pakai
ytb,youtube
fixed,perbaiki
mending,lebih baik
uploud,upload
sangking,saking
vidonya,videonya
nyeripnya,menyerapnya
keselelin,kesel
maumencari,mau mencari
algorithm,algoritma
dai,dari
automatic,otomatis
keliatan,kelihatan
blackscrean,black screen
conecting,connecting
stelah,setelah
matiin,matikan
bltooth,bluetooth
msih,masih
trjadi,terjadi
trkhir,terakhir
gaguna,tidak berguna
dipikirin,dipikirkan
ngaruh,berpengaruh
gada,tidak ada
amburadul,berantakan
videony ake pause,videonya terhenti
kadang2,kadang kadang
genjala,gejala
youtub,youtube
henpon,handphone
lainya,lainnya
di betulin,diperbaiki
description box,kotak deskripsi
turorial,tutorial
descripsi,deskripsi
ketutup,tertutup
popup,pop up
ngecilin,mengecilkan
kalia,kalian
diyoutube,di youtube
diupdate,di update
walopun,walaupun
sampek,sampai
reting,rating
vilem,film
menak,menarik
iklannyabosen,iklannya bosan
liatiklan,lihat iklan
trs,terus
premiuml,premium
ngeglicth,glicth
youtubetapi,youtube tapi
penasara,penasaran
kls,kelas
kepingin,ingin
pelecahan,pelecehan
melakuka,melakukan
racacun,racun
dibanyakin,diperbanyak
hott,hot
diarahin,diarahkan
nelusurin,telusuri
nontonin,nonton
turunin,turunkan
bpk,bapak
secra,secara
sgitu,segitu
lapirkan,lampirkan
apdete,update
ngures,menguras
krennn,keren
kren,keren
kerennnnnnnnnnn,keren
kerennn,keren
joz,jos
jlek,jelek
jeleekkkk,jelek
gut,good
guud,good
guddd,good
gokilll,gokil
bukak,buka
burikkk,buruk
applikasi,aplikasi
sangan,sangat
vitur,fitur
sekrang,sekarang
gx,tidak
eswe,story
buriq,buruk
bukak,buka
bnget,banget
notiff,notifikasi
setori,story
nda,tidak
bisak,bisa
gaada,tidak ada
bouble,bubble
gada,tidak ada
mn,mana
sw,story
ok,oke
ngga,tidak
nggak,tidak
ngg,tidak
gg,tidak
ga,tidak
gak,tidak
ngak,tidak
ad,ada
blm,belum
apl,aplikasi
apk,aplikasi
lope,love
sya,saya
sngt,sangat
sngat,sangat
aja,saja
sangt,sangat
sanggat,sangat
ngk,tidak
nga,tidak
ga,tidak
gk,tidak
kgak,tidak
kagak,tidak
kdg,kadang
ngonek,terhubung
konek,terhubung
ngstak,stuck
ngestuck,stuck
asyik,asik
gx,tidak
icon,ikon
bag,bug
ndk,tidak
ndak,tidak
ok,oke
ngelek,lag
bgs,bagus
apik,bagus
pengen,ingin
leg,lag
ngebug,bug
ngebag,bug
ngebuk,bug
seryuudan,seru
apaaphn,apaan
ijinkan,izinkan
kasian,kasihan
kesian,kasihan
nyekrol,scroll
gaa,tidak
soale,soalnya
shorts,short
banyakk,banyak
keponakam,keponakan
rezeky,rezeki
dicepetin,dipercepat
saranin,menyarankan
jlan,jalan
biarin,biarkan
smpe,sampai
mo,mau
bner,benar
bngung,bingung
bertmbah,bertambah
ngelage,lag
elo,kamu
elu,kamu
eroran,erroran
bari,beri
yak,ya
ngespam,spam
gimna,bagaimana
vd,video
skg,sekarang
d,di
apdet,update
gbs,tidak bisa
ads,iklan
kaga,tidak
abdet,update
apdet,update
afdet,update
malem,malam
mutar,putar
menginstall,install
hpus,hapus
ban,blokir
banned,blokir
cuan,untung
info,informasi
mendownload,download
bukaa,buka
dibukak,buka
gbsa,tidak bisa
titok,tiktok
menginstall,install
dibukakk,buka
laggi,lagi
donlot,download
hapuss,hapus
hilangg,hilang
akunn,akun
bagnya,bug
yutub,youtube
apdet,update
updet,update
abdet,update
ngeleg,lag
skrg,sekarang
aq,saya
fidio,video
error,eror
mantul,mantap
knpa,kenapa
knapa,kenapa
knp,kenapa
napa,kenapa
youtobe,youtube
kompatible,kompatibel
pakek,pakai
gmna,bagaimana
donlot,download
aflikasi,aplikasi
ngak,tidak
sllu,selalu
ndak,tidak
kaga,tidak
instal,install
yutube,youtube
yutup,youtube
youtub,youtube
kenpa,kenapa
kenap,kenapa
pidio,video
ngk,tidak
updet,update
yutub,youtube
yutup,youtube
ga,tidak
bsa,bisa
sya,saya
msuk,masuk
ngebuk,bug
paten,bagus
d,di
bk,buka
chanel,channel
tidk,tidak
sanggar,sangat
baij,baik
kce,kece
sagat,sangat
sabgat,sangat
diliat,dilihat
nyaa,nya
jg,juga
dibanned,diblokir
pgn,ingin
pingin,ingin
bkn,bukan
gjls,tidak jelas
ngepost,post
gwe,saya
igku,instagramku
gegara,gara gara
dlm,dalam
smoga,semoga
membatu,membantu
rejeki,rezeki
terimakasih,terima kasih
masi,masih
gue,saya
faham,paham
erorr,eror
yh,ya
grub,grup
kenon,blokir
telpon,telepon
nelpon,menelepon
ijin,izin
bureem,buram
tambahin,tambahkan
persi,versi
krabat,kerabat
ngobrol,mengobrol
masi,masih
watshap,whatsapp
wea,whatsapp
thema,tema
theme,tema
keblokir,terblokir
keban,terblokir
keband,terblokir
kebaned,terblokir
belom,belum
si,sih
pd,pada
fiktur,fitur
riset,reset
ikutin,ikuti
tambahin,tambahkan
ngeblank,blank
hilangin,hilangkan
diliat,dilihat
info,informasi
infonya,informasinya
gjls,tidak jelas
gaje,tidak jelas
gj,tidak jelas
donlod,download
donwlod,download
skarang,sekarang
kluarga,keluarga
makasi,terima kasih
makasii,terima kasih
sepam,spam
cm,cuma
ngestak,stuck
klo,kalau
klu,kalau
kalo,kalau
klau,kalau
planggaran,pelanggaran
nyambung,berhubungan 
hilangin,hilangkan
tik tok,tiktok
pd,pada
ngebosenin,membosankan
nengok,lihat
mantab,mantap
balek,balik
ngebleng,blank
ngeblank,blank
block,blokir
pilter,filter
nyaa,nya
capee,capai
nungguin,tunggu
gapapa,tidak apa apa
gadak,tidak ada
gaada,tidak ada
ngestak,stuck
kanapa,kenapa
ngeselin,menyebalkan
ngelanjutin,melanjutkan
alesan,alasan
idup,hidup
blockir,blokir
block,blokir
gabisa,tidak bisa
gbisa,tidak bisa
naikin,naikkan
nape,kenapa
aje,saja
elor,eror
elorr,eror
dibikin,dibuat
ben,blokir
ban,blokir
keben,blokir
didonglot,download
donlot,download
donglot,download
donglod,download
donlod,download
disimpen,disimpan
gbisa,tidak bisa
bln,bulan
faham,paham
ttk,tiktok
engg,tidak
nggaa,tidak
ngga,tidak
gakbisa,tidak bisa
bangeet,sekali
mentok,stuck
poko,pokok
pokonya,pokoknya
bngett,sekali
ft,foto
habisin,habiskan
sikit,sedikit
dowlod,download
stuk,stuck
nie,nih
sie,sih
ngeblang,blank
msk,masuk
ngefreze,freeze
awak,saya
ujung2,ujung ujung
simpen,simpan
ttk,tiktok
mnt,menit
engak,tidak
tlp,telepon
inget,ingat
nunjukin,menunjukkan
nginstal,install
ajuin,ajukan
kaloo,kalau
bnrin,perbaiki
dl,dulu
terjemahin,terjemahkan
cm,cuma
trss,terus
batasin,batasi
bett,sekali
bet,sekali
nemenin,menemani
ngesenin,membosankan
makasi,terima kasih
makasii,terima kasih
makasih,terima kasih
fiktur,fitur
hr,hari
mantep,mantap
erorr,eror
heng,hang
idup,hidup
bulak,bolak
muluu,terus
mayan,lumayan
downlod,download
skali,sekali
abisin,menghabiskan
ngeblokir,blokir
apps,aplikasi
bangget,sekali
gedein,perbesar
mikir,pikirkan
block,blokir
cepetan,cepat
ujung2nya,ujung ujung nya
coin,koin
ngeklaim,klaim
ngebugnya,bugnya
ngehapus,hapus
baned,blokir
dk,tidak
band,blokir
kga,tidak
heng,hang
dikeluarin,dikeluarkan
hri,hari
msk,masuk
ngeheng,hang
boong,bohong
ngeblang,blank
nyangkut,tersangkut
poto,foto
jlk,jelek
aktifin,aktifkan
mhn,mohon
seruu,seru
benahin,benahi
ngelanggar,melanggar
tontonputar,tonton putar
riport,laporkan
ngebayangin,membayangkan
mintaa,minta
nghasilim,menghasilkan
beneran,benar
nagih,ketagihan
sangattttt,sangat
conto,contoh
nanya,bertanya
oerangkat,berangkat
dibantuin,dibantu
komengajelas,komentar tidak jelas
nnti,nanti
keluargatemandan,keluarga teman dan
kreatordan,kreator
tibatiba,tiba tiba
bernanfaat,bermanfaat
terimaksi,terima kasih
cumanjangan,tapi jangan
bagusbuat,bagus buat
yuotobe,youtube
youtobe,youtube
fecebook,facebook
berinpiratif,inspiratif
ngeband,memblokir
